{
  "train_losses": [
    1.8733667266338379,
    1.614325911797526,
    1.5297685370725744,
    1.4557571685527597,
    1.3985367296906688,
    1.3491974815993053,
    1.3067716494240724,
    1.275683146303572,
    1.249746981789084,
    1.2318752598579583,
    1.2074159988966744,
    1.2002491127804418,
    1.1848449844228641,
    1.1738881973354407,
    1.1554121216544715,
    1.1525726896112838,
    1.1345480060028603,
    1.1293197601957394,
    1.1258267557529538,
    1.1184815889429254,
    1.1129521660487671,
    1.105044069649923,
    1.0963165122834617,
    1.0899777487110909,
    1.0885362550425712,
    1.078508752538725,
    1.0816174221160773,
    1.0669454112077308,
    1.0628035193514032,
    1.0551819485776566,
    1.0580447855812813,
    1.0537139684952739,
    1.0449159003584587,
    1.046871837600113,
    1.0371064359269788,
    1.0423660510031463,
    1.0321487069434827,
    1.0304191051541691,
    1.0293171762505455,
    1.0219582564690535,
    1.0182271253727282,
    1.0163133533104607,
    1.021893286796482,
    1.0150296765825022,
    1.0027924457474438,
    1.00598043706411,
    1.0006441399264518,
    1.0053030211297447,
    0.995443944431022,
    0.996432500879478
  ],
  "val_losses": [
    1.6112973267519022,
    1.555545764633372,
    1.440528094014035,
    1.3754966077925284,
    1.3076338964172556,
    1.2547237767448909,
    1.2328289083287687,
    1.1841919829573813,
    1.169134004206597,
    1.166469832764396,
    1.1308763080005404,
    1.1053262647194197,
    1.1329362347156187,
    1.10841793878169,
    1.1097620944433575,
    1.0926090033748481,
    1.060966449447825,
    1.0479689285724978,
    1.069151836860029,
    1.0473802504660208,
    1.0801506676251376,
    1.0373268497141102,
    1.0272916811930983,
    1.048624160169046,
    1.0258145332336426,
    1.0440184526805636,
    1.0287585235849213,
    1.0423191212400604,
    1.050494900232629,
    1.0243099973171572,
    1.0255851873868629,
    1.0019926587237586,
    1.0280150092100795,
    1.0021729386305507,
    0.9772344171246395,
    0.9827095624766772,
    0.9809900212891495,
    0.9947780838495568,
    0.9708252179471752,
    0.9667936744569223,
    0.9781740171999871,
    0.9616215002687671,
    0.9719139096103137,
    0.9668426453312741,
    0.9698673750780806,
    0.975059332726877,
    0.9495899684821503,
    0.9670647360101531,
    0.9505617014969452,
    0.9447350600097753
  ]
}