{
  "train_losses": [
    0.42598812026580174,
    0.20397363622362416,
    0.16266547334541878,
    0.13886293788130086,
    0.12741949398666622,
    0.11956717048200469,
    0.11135169256844868,
    0.10442022437248379,
    0.10035668421077232,
    0.09546927935133377,
    0.09486602310364445,
    0.09097601284937312,
    0.08936741738468408,
    0.08640814764508978,
    0.08611307726089532,
    0.08312851481804004,
    0.07928009920329787,
    0.08022393334526569,
    0.08045192847060971,
    0.07888144500985121
  ],
  "val_losses": [
    0.17036963530337088,
    0.11613037370884725,
    0.08793837958271764,
    0.08507718988854182,
    0.07874383370642336,
    0.08053520207560008,
    0.07687914674188912,
    0.07118763712618073,
    0.07203445299367445,
    0.07010338145220141,
    0.07114007316473077,
    0.06386277123305373,
    0.0659042270714059,
    0.06683293531740217,
    0.06274480587628856,
    0.0609870762547592,
    0.06264289176187349,
    0.06133205427495021,
    0.059217908077344165,
    0.06008391656638841
  ]
}