{"train_losses": [0.05050370923687885, 2.0106976220584916e-06, 1.1412400228490795e-06, 5.25548770889769e-07, 3.999971698017062e-07, 3.8724291700138523e-07, 4.381120363755468e-07, 3.725930045115499e-07, 3.529298775296025e-07, 3.2771329253379e-07, 3.015853861285994e-07, 3.9003042050847287e-07, 2.9296661238136526e-07, 2.6070300396855024e-07, 2.226866814668368e-07, 1.8564789545271093e-07, 2.0308337292449672e-07, 1.6768013077952926e-07, 1.6502845007075574e-07, 1.6389281670477153e-07], "val_losses": [1.042684144439673e-06, 1.6402557738984164e-07, 1.3094957196032564e-08, 3.2737395286224482e-09, 1.3546508897786507e-09, 6.208816659456361e-10, 5.079940878723843e-10, 2.822189451831295e-10, 1.1288757807325179e-10, 1.1288757807325179e-10, 1.1288757807325179e-10, 0.0, 0.0, 0.0, 0.0, 0.0, 0.0, 0.0, 0.0, 0.0]}