{"train_losses": [0.6321994264920553, 0.5634824434916178, 0.4625445405642192, 0.32439471284548443, 0.18257041772206625, 0.07344796260197957, 0.02387703179071347, 0.006870203651487827, 0.0020400074621041617, 0.0006490687471038351, 0.0002978359213254104, 0.00013562111416831613, 7.856595887763736e-05, 5.3298558971922226e-05, 3.1545937114666835e-05, 3.673233247051636e-05, 2.6716257707448676e-05, 1.3305121077185808e-05, 1.4230085374341192e-05, 8.259368920941293e-06], "val_losses": [0.5900875329971313, 0.502204954624176, 0.3721822202205658, 0.2196420431137085, 0.09580716490745544, 0.03130660578608513, 0.008743928745388985, 0.002423869678750634, 0.0007452027057297528, 0.0002668011002242565, 0.0001129137963289395, 5.595710899797268e-05, 3.1854760891292244e-05, 2.04171610675985e-05, 1.424828042217996e-05, 1.0675069461285602e-05, 8.457818694296293e-06, 7.0094492912176065e-06, 6.008106083754683e-06, 5.2839181989838835e-06]}