{"train_losses": [0.6843213805785546, 0.6562781792420608, 0.6305304628152114, 0.5896713871222276, 0.5513449265406682, 0.5112287791875693, 0.4791701046320108, 0.4109843350373782, 0.4007050853509169, 0.3450977389629071, 0.3347496527891893, 0.33173876313062817, 0.27300449976554286, 0.2400322865981322, 0.23942087819943061, 0.22384189527768356, 0.20504267513751984, 0.1870126133927932, 0.1670528229039449, 0.1761045312652221, 0.15271614950436813, 0.15310628769489434, 0.13188105133863595, 0.13544643899569145, 0.10558037975659737, 0.10076981868881446, 0.09422477936515442, 0.08359031780407979, 0.08234325610101223, 0.0868023897592838], "val_losses": [0.6694643050432205, 0.6471790075302124, 0.62025186419487, 0.5912770330905914, 0.5492651015520096, 0.5021116510033607, 0.45443445444107056, 0.40353579074144363, 0.35250895470380783, 0.3134552016854286, 0.2811359204351902, 0.2629733420908451, 0.2306923344731331, 0.20622693002223969, 0.17406947165727615, 0.15871256589889526, 0.14049601927399635, 0.1308693177998066, 0.1129575464874506, 0.10389408096671104, 0.09205168671905994, 0.07599158212542534, 0.06834898889064789, 0.06444613635540009, 0.05410632956773043, 0.05101543664932251, 0.047009977512061596, 0.0387774333357811, 0.0338815413415432, 0.0330142704769969]}