{"train_losses": [0.6853761443724999, 0.6571999879983755, 0.6318193536538345, 0.592931541112753, 0.5553468397030463, 0.5093353665792025, 0.4577939326946552, 0.4484354876554929, 0.3950398495564094, 0.3482257013137524, 0.3235199864094074, 0.2993374432508762, 0.2743493513419078, 0.25489525611584, 0.2488407206076842, 0.21781593503860328, 0.17777445568488195, 0.20135677376618752, 0.16624220804526255, 0.16359056188510016, 0.12836940013445342, 0.13677226121609026, 0.151112664777499, 0.12071056148180595, 0.11587721682511844, 0.12283376317757827, 0.10546246486214492, 0.09169716674547929, 0.07365395214695197, 0.06601588857861665], "val_losses": [0.6647090911865234, 0.6304602473974228, 0.5902498960494995, 0.5502312630414963, 0.4960703030228615, 0.4386458173394203, 0.3834763318300247, 0.3331685774028301, 0.28989521227777004, 0.2540102694183588, 0.2315830597653985, 0.20873986557126045, 0.1849081269465387, 0.1616908530704677, 0.14770632470026612, 0.1281232621986419, 0.11124754999764264, 0.10556145547889173, 0.0916798475664109, 0.08233975898474455, 0.07376965519506484, 0.07089561829343438, 0.06417105346918106, 0.060593403642997146, 0.06059700495097786, 0.049415739136748016, 0.04185895272530615, 0.03930698428303003, 0.041133196442388, 0.04064162005670369]}